Bakrena zica,,,
,,,
?x/x,,(F-F0)/S,
,,,
0,,0.00,
0.000173267,,6.17,
0.000346535,,12.34,
0.000544554,,18.50,
0.000742574,,24.67,
0.000940594,,30.84,
0.001138614,,37.01,
0.001386139,,43.18,
0.001683168,,49.35,
0.002623762,,55.51,
0.002623762,,61.68,
0.002623762,,55.51,
0.002623762,,49.35,
0.002475248,,43.18,
0.002376238,,37.01,
0.002178218,,30.84,
0.001980198,,24.06,
0.001831683,,18.50,
0.001633663,,12.34,
0.001435644,,6.17,
0.001237624,,0.00,
