Bakrena zica,,,
,,,
?x/x,,(F-F0)/S,
,,,
0,,0.00,
0.000175,,6.17,
0.00035,,12.34,
0.00055,,18.50,
0.00075,,24.67,
0.00095,,30.84,
0.00115,,37.01,
0.0014,,43.18,
0.0017,,49.35,
0.00265,,55.51,
0.00265,,61.68,
0.00265,,55.51,
0.00265,,49.35,
0.0025,,43.18,
0.0024,,37.01,
0.0022,,30.84,
0.002,,24.06,
0.00185,,18.50,
0.00165,,12.34,
0.00145,,6.17,
0.00125,,0.00,
